{
  "cam_K": [
    638.5410372995918,
    0.0,
    640.0,
    0.0,
    638.5410372995918,
    360.0,
    0.0,
    0.0,
    1.0
  ],
  "depth_scale": 1.0
}