{
    "cam_K": [
      554.2562509926996,
      0.0,
      320.0,
      0.0,
      554.2562509926996,
      240.0,
      0.0,
      0.0,
      1.0
    ],
    "depth_scale": 1.0
  }