{
  "cam_K": [
    239.45289611816406,
    0.0,
    239.625,
    0.0,
    229.87478637695312,
    143.6199951171875,
    0.0,
    0.0,
    1.0
  ],
  "depth_scale": 1.0
}